from	to	effect
Aripiprazole	Terbinafine	LIFE-THREATENING
Azathioprine	Freeze-dried Live Attenuated Hepatitis A Vaccine	SERIOUS
Acyclovir	Adefovir	LIFE-THREATENING
Ciclosporin	Ursodeoxycholic Acid	SERIOUS
Aceclofenac	Nimesulide	LIFE-THREATENING
Budesonide	Ketoconazole	LIFE-THREATENING
Hydroxyzine	Zafirlukast	SERIOUS
Aprepitant	Azelastine	LIFE-THREATENING
Gliclazide	Octreotide acetate	SERIOUS
Mycophenolate mofetil	Yellow fever virus	LIFE-THREATENING
Lurasidone	Miconazole	LIFE-THREATENING
Adefovir	Amikacin	SERIOUS
Amikacin	Vancomycin	SERIOUS
Atomoxetine	Selegiline	LIFE-THREATENING
Fosphenytoin	Montelukast	SERIOUS
Amitriptyline	Oxazepam	SERIOUS
Magaldrate	Tigecycline	SERIOUS
Acarbose	Fluocinolone acetonide	SERIOUS
Benazepril	Insulin Isophane	MODERATE
Clotrimazole	Cyclophosphamide	SERIOUS
Alprazolam	Buclizine	MODERATE
Ertapenem	Sodium Valproate	SERIOUS
Chlorpromazine	Ropinirole	LIFE-THREATENING
Acyclovir	Oxymetazoline	LIFE-THREATENING
Dapoxetine	Reboxetine	LIFE-THREATENING
Glipizide	Tricholine Citrate	SERIOUS
Nelfinavir	Rabeprazole	LIFE-THREATENING
Amisulpride	Itraconazole	LIFE-THREATENING
Aprepitant	Phenobarbitone	LIFE-THREATENING
Armodafinil	Clobazam	SERIOUS
Haemophilus Type B Conjugate Vaccine	Mycophenolate mofetil	LIFE-THREATENING
Azathioprine	Lisinopril	SERIOUS
Captopril	Heparin	SERIOUS
Allopurinol	Perindopril erbumine	SERIOUS
Clotrimazole	Tolterodine	LIFE-THREATENING
Azathioprine	Yellow fever virus	LIFE-THREATENING
Amlodipine	Darifenacin	SERIOUS
Kanamycin	Zoledronic acid	SERIOUS
Alprazolam	Desloratadine	MODERATE
Meloxicam	Nimesulide	LIFE-THREATENING
Hepatitis B Vaccine	Mercaptopurine	SERIOUS
Betahistine	Meclizine	MODERATE
Amlodipine	Deflazacort	SERIOUS
Aceclofenac	Metamizole	LIFE-THREATENING
Allopurinol	Theophylline	SERIOUS
Heparin	Ketorolac	LIFE-THREATENING
Lymecycline	Strontium Chloride	LIFE-THREATENING
Isosorbide Mononitrate	Tadalafil	LIFE-THREATENING
Biotin	Orlistat	SERIOUS
Fluconazole	Risperidone	LIFE-THREATENING
Azathioprine	Rotavirus vaccine (live attenuated,oral)	LIFE-THREATENING
Moclobemide	Paroxetine	LIFE-THREATENING
Captopril	Insulin Degludec	MODERATE
Clotrimazole	Zolpidem	SERIOUS
Allopurinol	Lamivudine	LIFE-THREATENING
Azathioprine	Varicella Vaccine  attenuated	LIFE-THREATENING
Acenocoumarol	Penicillin G	SERIOUS
Carbimazole	Theophylline	SERIOUS
Haloperidol	Ropinirole	LIFE-THREATENING
Clobazam	Pregabalin	MODERATE
Abacavir	Ribavirin	LIFE-THREATENING
Amiloride	Sitagliptin	SERIOUS
Abacavir	Famciclovir	LIFE-THREATENING
Alprazolam	Epinastine	MODERATE
Caspofungin	Nevirapine	SERIOUS
Magaldrate	Minocycline	SERIOUS
Isosorbide Dinitrate	Udenafil	LIFE-THREATENING
Nalbuphine	Rasagiline	LIFE-THREATENING
Pentazocine	Rasagiline	LIFE-THREATENING
Chloramphenicol	Phenobarbitone	SERIOUS
Escitalopram Oxalate	Rasagiline	LIFE-THREATENING
Citalopram	Tizanidine	LIFE-THREATENING
Bemiparin	Perindopril erbumine	SERIOUS
Amisulpride	Eberconazole	LIFE-THREATENING
Alprazolam	Loratadine	MODERATE
Alendronic Acid	Sodium Bicarbonate	SERIOUS
Amitriptyline	Linezolid	LIFE-THREATENING
Atropine	Donepezil	LIFE-THREATENING
Leflunomide	Zinc Oxide	LIFE-THREATENING
Indinavir	Zolmitriptan	LIFE-THREATENING
Indomethacin	Nimesulide	LIFE-THREATENING
Chlorpromazine	Itraconazole	LIFE-THREATENING
Levodopa	Trifluoperazine	LIFE-THREATENING
Nelfinavir	Pantoprazole	LIFE-THREATENING
Dosulepin	Moclobemide	LIFE-THREATENING
Dapoxetine	Linezolid	LIFE-THREATENING
Clobazam	Oxcarbazepine	SERIOUS
Captopril	Insulin Isophane	MODERATE
Estradiol	Exemestane	LIFE-THREATENING
Abacavir	Clonazepam	SERIOUS
Doxazosin	Ketoconazole	LIFE-THREATENING
Acyclovir	Naphazoline	LIFE-THREATENING
Ciclosporin	Somatostatin	SERIOUS
Ebastine	Roxithromycin	LIFE-THREATENING
Cyclophosphamide	Human Rabies Immunoglobulin	SERIOUS
Aprepitant	Halobetasol	SERIOUS
Acyclovir	Theophylline	SERIOUS
Alendronic Acid	Capreomycin	SERIOUS
Alprazolam	Pheniramine	MODERATE
Allopurinol	Didanosine	LIFE-THREATENING
Buspirone	Clarithromycin	SERIOUS
Cetirizine	Evening Primrose Oil	MODERATE
Donepezil	Hyoscine butylbromide	LIFE-THREATENING
Entecavir	Ribavirin	LIFE-THREATENING
Hyoscine butylbromide	Rivastigmine	LIFE-THREATENING
Benazepril	Ginkgo Biloba	MODERATE
Entecavir	Famciclovir	LIFE-THREATENING
Chlorpromazine	Fluconazole	LIFE-THREATENING
Acyclovir	Lamivudine	LIFE-THREATENING
Citalopram	Duloxetine	SERIOUS
Indinavir	Omeprazole	LIFE-THREATENING
Paroxetine	Rasagiline	LIFE-THREATENING
Abacavir	Probenecid	SERIOUS
Furazolidone	Methylphenidate	LIFE-THREATENING
Atazanavir	Famotidine	SERIOUS
Ciprofloxacin	Strontium Chloride	LIFE-THREATENING
Galantamine	Valethamate	LIFE-THREATENING
Mirtazapine	Rasagiline	LIFE-THREATENING
Aprepitant	Fluticasone Propionate	SERIOUS
Chlorthalidone	Teneligliptin	SERIOUS
Aspirin	Triamcinolone	SERIOUS
Propyl Thiouracil	Warfarin	SERIOUS
Praziquantel	Rifampicin	LIFE-THREATENING
Ciclosporin	Rubella vaccine (Live)	LIFE-THREATENING
Didanosine	Ganciclovir	LIFE-THREATENING
Acitretin	Oxytetracycline	LIFE-THREATENING
Ethinyl Estradiol	Exemestane	LIFE-THREATENING
Haloperidol	Itraconazole	LIFE-THREATENING
Chloramphenicol	Iron	LIFE-THREATENING
Menadione	Orlistat	SERIOUS
Budesonide	Nateglinide	SERIOUS
Calcium	Sodium Bicarbonate	MODERATE
Acarbose	Orlistat	SERIOUS
Acarbose	Mometasone	SERIOUS
Chlorpromazine	Eberconazole	LIFE-THREATENING
Itraconazole	Levosulpiride	LIFE-THREATENING
Amphotericin B	Tobramycin	SERIOUS
Atazanavir	Tamsulosin	LIFE-THREATENING
Chlorthalidone	Vildagliptin	SERIOUS
Enclomiphene	Ethinyl Estradiol	LIFE-THREATENING
Chlordiazepoxide	Oxcarbazepine	SERIOUS
Beclometasone	Metformin	SERIOUS
Atazanavir	Eletriptan	LIFE-THREATENING
Penicillamine	Zinc Oxide	LIFE-THREATENING
Fexofenadine	Sodium Bicarbonate	SERIOUS
Cyclophosphamide	Digoxin	SERIOUS
Glucagon	Warfarin	SERIOUS
Disodium Hydrogen Citrate	Phenindione	SERIOUS
Mycophenolate mofetil	Purified Vi Polysaccharide Typhoid Vaccine	LIFE-THREATENING
Itraconazole	Trifluoperazine	LIFE-THREATENING
Doxycycline	Sucralfate	SERIOUS
Cholestyramine	Raloxifene	LIFE-THREATENING
Itraconazole	Zolpidem	SERIOUS
Efavirenz	Famotidine	LIFE-THREATENING
Fosaprepitant	Levocetirizine	LIFE-THREATENING
Amisulpride	Sucralfate	SERIOUS
Rivastigmine	Valethamate	LIFE-THREATENING
Chlorpromazine	Levodopa	LIFE-THREATENING
Haemophilus Type B Conjugate Vaccine	Mercaptopurine	SERIOUS
Amphotericin B	Vancomycin	SERIOUS
Metamizole	Paracetamol	LIFE-THREATENING
Ganciclovir	Oxymetazoline	LIFE-THREATENING
Alprazolam	Topiramate	SERIOUS
Carbamazepine	Pneumococcal 13 valent Conjugate Vaccine	MINOR
Clotrimazole	Clozapine	LIFE-THREATENING
Levosulpiride	Miconazole	LIFE-THREATENING
Benazepril	Univestin	MODERATE
Atazanavir	Duloxetine	SERIOUS
Chloroquine	Digoxin	SERIOUS
Dapsone	Rifabutin	SERIOUS
Azathioprine	Hepatitis B Vaccine	SERIOUS
Orlistat	Vitamin C	SERIOUS
Acenocoumarol	Enclomiphene	LIFE-THREATENING
Carbamazepine	Recombinant Human Epidermal Growth Factor	MINOR
Calcium	Magaldrate	MODERATE
Hepatitis B Vaccine (rDNA)	Mycophenolate mofetil	LIFE-THREATENING
Atomoxetine	Rasagiline	LIFE-THREATENING
Amiloride	Empagliflozin	SERIOUS
Fluvastatin	Nicotinic acid	SERIOUS
Azelastine	Ginkgo Biloba	MODERATE
Abacavir	Oxazepam	SERIOUS
Cefpodoxime Proxetil	Magaldrate	SERIOUS
Clotrimazole	Levosulpiride	LIFE-THREATENING
Dutasteride	Fluconazole	SERIOUS
Nitroglycerin	Sildenafil	LIFE-THREATENING
Indomethacin	Oxyphenbutazone	LIFE-THREATENING
Azathioprine	Equine Rabies Immunoglobulin	SERIOUS
Amantadine	Pramipexole	SERIOUS
Furazolidone	Naphazoline	LIFE-THREATENING
Benazepril	Silymarin	MODERATE
Betahistine	Hydroxyzine	MODERATE
Carbamazepine	Vi Capsular Polysaccharide Of Salmonella Typhi	MINOR
Capreomycin	Ibandronic Acid	SERIOUS
Atazanavir	Halobetasol	SERIOUS
Azathioprine	Sulfasalazine	SERIOUS
Amiodarone	Lithium carbonate	LIFE-THREATENING
Clotrimazole	Trifluoperazine	LIFE-THREATENING
Alendronic Acid	Framycetin	SERIOUS
Pheniramine	Zafirlukast	SERIOUS
Balofloxacin	Selegiline	LIFE-THREATENING
Erythromycin	Sumatriptan	LIFE-THREATENING
Meningococcal Vaccine	Mycophenolate mofetil	LIFE-THREATENING
Beclometasone	Teneligliptin	SERIOUS
Calcium Gluconate	Leflunomide	LIFE-THREATENING
Clotrimazole	Quetiapine	LIFE-THREATENING
Mercaptopurine	Salmonella Typhi Vaccine	SERIOUS
Acarbose	Pancreatin	SERIOUS
Acenocoumarol	Sulphacetamide	SERIOUS
Ethambutol	Magaldrate	MINOR
Morphine	Selegiline	LIFE-THREATENING
Abacavir	Tobramycin	SERIOUS
Betamethasone	Sitagliptin	SERIOUS
Alfuzosin	Atazanavir	LIFE-THREATENING
Fluconazole	Quetiapine	LIFE-THREATENING
Azathioprine	Rabies vaccine, Human	SERIOUS
Methotrexate	Yellow fever virus	LIFE-THREATENING
Amphotericin B	Dexamethasone	SERIOUS
Doxycycline	Strontium Chloride	LIFE-THREATENING
Palonosetron	Pentazocine	SERIOUS
Estradiol	Letrozole	LIFE-THREATENING
Fosphenytoin	Lidocaine	SERIOUS
Metoprolol Succinate	Thiopental Sodium	SERIOUS
Benazepril	Hyoscyamine	MODERATE
Abacavir	Neomycin	SERIOUS
Linezolid	Paroxetine	LIFE-THREATENING
Ibandronic Acid	Iron	SERIOUS
Cilostazol	Luliconazole	LIFE-THREATENING
Ibuprofen	Oxyphenbutazone	LIFE-THREATENING
Amiloride	Insulin Aspart	SERIOUS
Leflunomide	Zinc Carnosine	LIFE-THREATENING
Clarithromycin	Ebastine	LIFE-THREATENING
Ciclosporin	Etoposide	SERIOUS
Alendronic Acid	Streptomycin	SERIOUS
Folic Acid	Sulfasalazine	BENEFICIAL
Bicalutamide	Phenindione	MODERATE
Aprepitant	Ergotamine	LIFE-THREATENING
Gliclazide	Pancreatin	SERIOUS
Chlorpromazine	Darifenacin	SERIOUS
Amiloride	Gliclazide	SERIOUS
Chlordiazepoxide	Pheniramine	MODERATE
Azelastine	Univestin	MODERATE
Nicorandil	Sildenafil	LIFE-THREATENING
Aprepitant	Cetirizine	LIFE-THREATENING
Astemizole	Betahistine	MODERATE
Gliclazide	Trimethoprim	LIFE-THREATENING
Azelastine	Evening Primrose Oil	MODERATE
Rasagiline	Tramadol	LIFE-THREATENING
Haloperidol	Pramipexole	LIFE-THREATENING
Adefovir	Tobramycin	SERIOUS
Gliclazide	Glucosamine	SERIOUS
Danazol	Estradiol	LIFE-THREATENING
Betahistine	Buclizine	MODERATE
Ethinyl Estradiol	Letrozole	LIFE-THREATENING
Butorphanol	Selegiline	LIFE-THREATENING
Etoricoxib	Oxyphenbutazone	LIFE-THREATENING
Carbamazepine	Erythromycin	LIFE-THREATENING
Bupropion	Carbamazepine	LIFE-THREATENING
Folic Acid	Phenobarbitone	BENEFICIAL
Amlodipine	Finasteride	MODERATE
Mycophenolate mofetil	Polio Vaccine	LIFE-THREATENING
Adefovir	Neomycin	SERIOUS
Metronidazole	Phenobarbitone	SERIOUS
Enalapril	Recombinant Human Erythropoietin Alfa	MODERATE
Allopurinol	Ramipril	SERIOUS
Acenocoumarol	Estradiol	LIFE-THREATENING
Atazanavir	Dutasteride	SERIOUS
Atomoxetine	Salbutamol	SERIOUS
Desvenlafaxine	Indinavir	SERIOUS
Bromfenac	Metamizole	LIFE-THREATENING
Adefovir	Valganciclovir	LIFE-THREATENING
Atazanavir	Zolmitriptan	LIFE-THREATENING
Ofloxacin	Strontium Chloride	LIFE-THREATENING
Indinavir	Lansoprazole	LIFE-THREATENING
Probenecid	Pyrazinamide	LIFE-THREATENING
Estradiol	Tamoxifen	LIFE-THREATENING
Butorphanol	Moclobemide	LIFE-THREATENING
Carbamazepine	Purified Vi Polysaccharide Typhoid Vaccine	MINOR
Glimepiride	Trimethoprim	LIFE-THREATENING
Alendronic Acid	Iron	SERIOUS
Nevirapine	Ranitidine	LIFE-THREATENING
Gentamicin	Ibandronic Acid	SERIOUS
Granisetron	Nalbuphine	SERIOUS
Clotrimazole	Risperidone	LIFE-THREATENING
Methimazole	Theophylline	SERIOUS
Azithromycin	Ebastine	LIFE-THREATENING
Ofloxacin	Tizanidine	LIFE-THREATENING
Efavirenz	Ranitidine	LIFE-THREATENING
Butorphanol	Rasagiline	LIFE-THREATENING
Clobazam	Isoniazid	SERIOUS
Chlorpromazine	Miconazole	LIFE-THREATENING
Leflunomide	Potassium Citrate	LIFE-THREATENING
Astemizole	Azithromycin	LIFE-THREATENING
Danazol	Fosfestrol	LIFE-THREATENING
Fluconazole	Silodosin	LIFE-THREATENING
Selegiline	Tramadol	LIFE-THREATENING
Chlorthalidone	Linagliptin	SERIOUS
Eszopiclone	Rifampicin	LIFE-THREATENING
Mefenamic Acid	Metamizole	LIFE-THREATENING
Desloratadine	Fosaprepitant	LIFE-THREATENING
Aprepitant	Rifampicin	LIFE-THREATENING
Phenindione	Vitamin K	SERIOUS
Nimesulide	Piroxicam	LIFE-THREATENING
Atazanavir	Omeprazole	LIFE-THREATENING
Adefovir	Netilmicin	SERIOUS
Chlorthalidone	Insulin Glulisine	SERIOUS
Danazol	Tibolone	LIFE-THREATENING
Mercaptopurine	Rotavirus vaccine	LIFE-THREATENING
Aspirin	Nimesulide	LIFE-THREATENING
Metamizole	Naproxen	LIFE-THREATENING
Bemiparin	Ramipril	SERIOUS
Astemizole	Camostat	LIFE-THREATENING
Fluconazole	Olanzapine	LIFE-THREATENING
Desvenlafaxine	Nelfinavir	SERIOUS
Acenocoumarol	Tibolone	LIFE-THREATENING
Mercaptopurine	Rotavirus vaccine (live attenuated,oral)	LIFE-THREATENING
Montelukast	Rifampicin	SERIOUS
Acenocoumarol	Disodium Hydrogen Citrate	SERIOUS
Amphotericin B	Triamcinolone	SERIOUS
Amikacin	Benzathine penicillin G	SERIOUS
Chromium	Leflunomide	LIFE-THREATENING
Letrozole	Tibolone	LIFE-THREATENING
Azathioprine	Inactivated influenza vaccine	SERIOUS
Captopril	Insulin detemir	MODERATE
Chlorthalidone	HUMAN PREMIX	SERIOUS
Inactivated influenza vaccine	Mycophenolate mofetil	LIFE-THREATENING
Galantamine	Hyoscine butylbromide	LIFE-THREATENING
Azathioprine	Live Attenuated Varicella-Zoster Virus	LIFE-THREATENING
Acenocoumarol	Nimesulide	LIFE-THREATENING
Alprazolam	Divalproex	SERIOUS
Fentanyl	Rasagiline	LIFE-THREATENING
Indinavir	Rabeprazole	LIFE-THREATENING
Moxifloxacin	Tizanidine	LIFE-THREATENING
Alprazolam	Pregabalin	MODERATE
Amphotericin B	Netilmicin	SERIOUS
Amitriptyline	Chlordiazepoxide	SERIOUS
Abacavir	Midazolam	SERIOUS
Atorvastatin	Imatinib mesylate	SERIOUS
Chlorpromazine	Piribedil	LIFE-THREATENING
Mercaptopurine	Sulfadiazine	SERIOUS
Equine Rabies Immunoglobulin	Mycophenolate mofetil	LIFE-THREATENING
Norfloxacin	Selegiline	LIFE-THREATENING
Quinine	Ranitidine	MINOR
Benazepril	Heparin	SERIOUS
Linezolid	Tramadol	LIFE-THREATENING
Levofloxacin	Strontium Chloride	LIFE-THREATENING
Acarbose	Halobetasol	SERIOUS
Methimazole	Phenindione	SERIOUS
Granisetron	Pentazocine	SERIOUS
Felodipine	Finasteride	MODERATE
Mycophenolate mofetil	Rubella vaccine	LIFE-THREATENING
Enalapril	Insulin Glargine	MODERATE
Amitriptyline	Moclobemide	LIFE-THREATENING
Inactivated Japanese Encephalitis virus protein	Mycophenolate mofetil	LIFE-THREATENING
Abacavir	Alprazolam	SERIOUS
Nepafenac	Oxyphenbutazone	LIFE-THREATENING
Penicillamine	Zinc Sulfate	LIFE-THREATENING
Mycophenolate mofetil	Tetanus Toxoid	LIFE-THREATENING
Azathioprine	Haemophilus Type B Conjugate Vaccine	SERIOUS
Itraconazole	Tamsulosin	LIFE-THREATENING
Cilostazol	Dexlansoprazole	LIFE-THREATENING
Almotriptan	Indinavir	LIFE-THREATENING
Bupropion	Rasagiline	LIFE-THREATENING
Acarbose	Fluticasone Propionate	SERIOUS
Armodafinil	Chlordiazepoxide	SERIOUS
Amikacin	Zoledronic acid	SERIOUS
Gliclazide	Timolol	SERIOUS
Lidocaine	Propranolol	SERIOUS
Norfloxacin	Rasagiline	LIFE-THREATENING
Codeine	Selegiline	LIFE-THREATENING
Amiodarone	Ulinastatin	LIFE-THREATENING
Dapoxetine	Moclobemide	LIFE-THREATENING
Beclometasone	Empagliflozin	SERIOUS
Alprazolam	Oxcarbazepine	SERIOUS
Glucosamine Sulfate Potassium Chloride	Miglitol	SERIOUS
Sevelamer	Tacrolimus	SERIOUS
Capecitabine	Phenytoin	SERIOUS
Methotrexate	Rotavirus vaccine	LIFE-THREATENING
Bacillus Calmette-Guerin strain	Methotrexate	LIFE-THREATENING
Freeze-dried Live Attenuated Hepatitis A Vaccine	Mercaptopurine	SERIOUS
Adefovir	Midazolam	SERIOUS
Cilostazol	Pantoprazole	LIFE-THREATENING
Conjugated Estrogens	Exemestane	LIFE-THREATENING
Lidocaine	Phenobarbitone	SERIOUS
Acenocoumarol	Probenecid	SERIOUS
Dapoxetine	Rasagiline	LIFE-THREATENING
Mercaptopurine	Rubella vaccine	LIFE-THREATENING
Codeine	Moclobemide	LIFE-THREATENING
Ganciclovir	Phenylephrine	LIFE-THREATENING
Clarithromycin	Zolmitriptan	LIFE-THREATENING
Itraconazole	Risperidone	LIFE-THREATENING
Fosinopril	Insulin Glargine	MODERATE
Mycophenolate mofetil	Varicella Vaccine  attenuated	LIFE-THREATENING
Clotrimazole	Dutasteride	SERIOUS
Methotrexate	Rotavirus vaccine (live attenuated,oral)	LIFE-THREATENING
Betamethasone	Salbutamol	MODERATE
Atazanavir	Mometasone	SERIOUS
Atazanavir	Rifampicin	LIFE-THREATENING
Ibandronic Acid	Kanamycin	SERIOUS
Acenocoumarol	Propyl Thiouracil	SERIOUS
Chloroquine	Mefloquine	LIFE-THREATENING
Balofloxacin	Safinamide	LIFE-THREATENING
Adefovir	Alprazolam	SERIOUS
Acitretin	Minocycline	LIFE-THREATENING
Amisulpride	Hyoscine butylbromide	SERIOUS
Cilostazol	Lansoprazole	LIFE-THREATENING
Deflazacort	Orciprenaline	MODERATE
Dextropropoxyphene	Palonosetron	SERIOUS
Alendronic Acid	Tobramycin	SERIOUS
Atropine	Galantamine	LIFE-THREATENING
Acarbose	Lafutidine	SERIOUS
Indinavir	Pantoprazole	LIFE-THREATENING
Nalbuphine	Selegiline	LIFE-THREATENING
Pentazocine	Selegiline	LIFE-THREATENING
Aspirin	Oxyphenbutazone	LIFE-THREATENING
Amisulpride	Chlordiazepoxide	SERIOUS
Imipramine	Moclobemide	LIFE-THREATENING
Alfuzosin	Indinavir	LIFE-THREATENING
Leflunomide	Zinc acetate	LIFE-THREATENING
Chlorthalidone	Sitagliptin	SERIOUS
Alprazolam	Isoniazid	SERIOUS
Betamethasone	Empagliflozin	SERIOUS
Armodafinil	Clonazepam	SERIOUS
Abacavir	Netilmicin	SERIOUS
Strontium Chloride	Tetracycline	LIFE-THREATENING
Atazanavir	Sumatriptan	LIFE-THREATENING
Erythromycin	Zolmitriptan	LIFE-THREATENING
Clotrimazole	Haloperidol Decanoate	LIFE-THREATENING
Leflunomide	Mercaptopurine	LIFE-THREATENING
Escitalopram Oxalate	Moclobemide	LIFE-THREATENING
Disodium Hydrogen Citrate	Warfarin	SERIOUS
Isosorbide Dinitrate	Tadalafil	LIFE-THREATENING
Acarbose	Betaxolol	SERIOUS
Caspofungin	Efavirenz	SERIOUS
Danazol	Estriol	LIFE-THREATENING
Camostat	Cilostazol	SERIOUS
Conjugated Estrogens	Danazol	LIFE-THREATENING
Captopril	Dalteparin	SERIOUS
Folic Acid	Methotrexate	BENEFICIAL
Acetazolamide	Aspirin	SERIOUS
Atenolol	Glimepiride	SERIOUS
Astemizole	Hyoscyamine	MODERATE
Acenocoumarol	Carbimazole	SERIOUS
Human Rabies Immunoglobulin	Mercaptopurine	SERIOUS
Mercaptopurine	Sodium aminosalicylate	SERIOUS
Minocycline	Strontium Chloride	LIFE-THREATENING
Adefovir	Framycetin	SERIOUS
Amlodipine	Dexamethasone	SERIOUS
Meloxicam	Metamizole	LIFE-THREATENING
Acenocoumarol	Estriol	LIFE-THREATENING
Garenoxacin	Strontium Chloride	LIFE-THREATENING
Azathioprine	Salmonella Typhi Vaccine	SERIOUS
Clotrimazole	Thioridazine	LIFE-THREATENING
Lansoprazole	Nelfinavir	LIFE-THREATENING
Acyclovir	Didanosine	LIFE-THREATENING
Itraconazole	Lurasidone	LIFE-THREATENING
Almotriptan	Clarithromycin	LIFE-THREATENING
Betamethasone	Insulin Aspart	SERIOUS
Lovastatin	Roxithromycin	LIFE-THREATENING
Esomeprazole	Nelfinavir	LIFE-THREATENING
Alfuzosin	Ketoconazole	LIFE-THREATENING
Abacavir	Clobazam	SERIOUS
Mercaptopurine	Pneumococcal Polysaccharide Vaccine	SERIOUS
Acenocoumarol	Conjugated Estrogens	LIFE-THREATENING
Equine Rabies Immunoglobulin	Mercaptopurine	SERIOUS
Acarbose	Deflazacort	SERIOUS
Azathioprine	Balsalazide	SERIOUS
Cyclophosphamide	Rabies vaccine, Human	SERIOUS
Famotidine	Quinine	MINOR
Aprepitant	Desloratadine	LIFE-THREATENING
Linezolid	Nortriptyline	LIFE-THREATENING
Chlorpromazine	Fenticonazole	LIFE-THREATENING
Fosphenytoin	Sulphacetamide	SERIOUS
Abacavir	Amikacin	SERIOUS
Penicillamine	Potassium Chloride	LIFE-THREATENING
Carbamazepine	Rasagiline	LIFE-THREATENING
Atazanavir	Ergotamine	LIFE-THREATENING
Eletriptan	Erythromycin	LIFE-THREATENING
Amisulpride	Oxiconazole	LIFE-THREATENING
Benazepril	Insulin detemir	MODERATE
Amlodipine	Betamethasone	SERIOUS
Ketorolac	Oxyphenbutazone	LIFE-THREATENING
Rotavirus vaccine (live attenuated,oral)	Tacrolimus	LIFE-THREATENING
Aprepitant	Levocetirizine	LIFE-THREATENING
Atazanavir	Ranitidine	SERIOUS
Acyclovir	Entecavir	LIFE-THREATENING
Aripiprazole	Itraconazole	LIFE-THREATENING
Lafutidine	Nevirapine	LIFE-THREATENING
Alprazolam	Amitriptyline	SERIOUS
Capecitabine	Fosphenytoin	SERIOUS
Famciclovir	Phenylephrine	LIFE-THREATENING
Adefovir	Valacyclovir	LIFE-THREATENING
Linezolid	Pethidine	LIFE-THREATENING
Ganciclovir	Tenofovir Alafenamide	LIFE-THREATENING
Atazanavir	Esomeprazole	LIFE-THREATENING
Mycophenolate mofetil	Vi Capsular Polysaccharide Of Salmonella Typhi	LIFE-THREATENING
Famciclovir	Xylometazoline	LIFE-THREATENING
Nimesulide	Phenytoin	LIFE-THREATENING
Balsalazide	Mercaptopurine	SERIOUS
Aripiprazole	Fluconazole	LIFE-THREATENING
Didanosine	Ribavirin	LIFE-THREATENING
Mebendazole	Phenytoin	SERIOUS
Didanosine	Famciclovir	LIFE-THREATENING
Levofloxacin	Selegiline	LIFE-THREATENING
Aspirin	Sodium Bicarbonate	SERIOUS
Moclobemide	Tramadol	LIFE-THREATENING
Amikacin	Amphotericin B	SERIOUS
Amlodipine	Hydrocortisone	SERIOUS
Amiloride	Teneligliptin	SERIOUS
Atropine	Rivastigmine	LIFE-THREATENING
Atomoxetine	Moclobemide	LIFE-THREATENING
Calcium Chloride	Penicillamine	LIFE-THREATENING
Aceclofenac	Oxyphenbutazone	LIFE-THREATENING
Azelastine	Fosaprepitant	LIFE-THREATENING
Aripiprazole	Eberconazole	LIFE-THREATENING
Amisulpride	Clotrimazole	LIFE-THREATENING
Clonazepam	Oxcarbazepine	SERIOUS
Cyanocobalamin	Orlistat	SERIOUS
Allopurinol	Tenofovir disoproxil fumarate	LIFE-THREATENING
Aspirin	Methylprednisolone	SERIOUS
Levofloxacin	Rasagiline	LIFE-THREATENING
Clotrimazole	Flupenthixol	LIFE-THREATENING
Famciclovir	Tenofovir disoproxil fumarate	LIFE-THREATENING
Linezolid	Nalbuphine	LIFE-THREATENING
Acetazolamide	Lithium carbonate	SERIOUS
Allopurinol	Pyrazinamide	LIFE-THREATENING
Chlorpromazine	Oxiconazole	LIFE-THREATENING
Aspirin	Prednisolone	SERIOUS
Betamethasone	Dapagliflozin	SERIOUS
Co-trimoxazole	Pyrimethamine	LIFE-THREATENING
Paroxetine	Reboxetine	LIFE-THREATENING
Fosaprepitant	Olopatadine	LIFE-THREATENING
Alprazolam	Armodafinil	SERIOUS
Methylcobalamin	Orlistat	SERIOUS
Nelfinavir	Omeprazole	LIFE-THREATENING
Colchicine	Erythromycin	MODERATE
Beclometasone	Orciprenaline	MODERATE
Azathioprine	Mycophenolate mofetil	LIFE-THREATENING
Azathioprine	Pneumococcal Polysaccharide Vaccine	SERIOUS
Camostat	Terfenadine	LIFE-THREATENING
Captopril	Enoxaparin	SERIOUS
Fluconazole	Flupenthixol	LIFE-THREATENING
Epinastine	Fosaprepitant	LIFE-THREATENING
Flupenthixol	Ropinirole	LIFE-THREATENING
Fluphenazine	Piribedil	LIFE-THREATENING
Etoposide	Phenytoin	SERIOUS
Clotrimazole	Sucralfate	SERIOUS
Amiloride	Lisinopril	SERIOUS
Fosphenytoin	Mebendazole	SERIOUS
Clobazam	Divalproex	SERIOUS
Mercaptopurine	Varicella Vaccine  attenuated	LIFE-THREATENING
Aprepitant	Fluocinolone acetonide	SERIOUS
Chlorpromazine	Luliconazole	LIFE-THREATENING
Ebastine	Erythromycin	LIFE-THREATENING
Amlodipine	Clobetasol	SERIOUS
Atazanavir	Fluticasone Furoate	SERIOUS
Cyclophosphamide	Inactivated influenza vaccine	SERIOUS
Ethinyl Estradiol	Griseofulvin	LIFE-THREATENING
Meropenem	Probenecid	LIFE-THREATENING
Propyl Thiouracil	Theophylline	SERIOUS
Azathioprine	Sulfadiazine	SERIOUS
Doxazosin	Enalaprilat	MODERATE
Acarbose	Dexamethasone	SERIOUS
Acenocoumarol	Fosfestrol	LIFE-THREATENING
Olopatadine	Zafirlukast	SERIOUS
Amisulpride	Otilonium Bromide	SERIOUS
Ciclosporin	Rotavirus vaccine (live attenuated,oral)	LIFE-THREATENING
Amphotericin B	Methylprednisolone	SERIOUS
Acenocoumarol	Prasugrel	SERIOUS
Nimodipine	Phenytoin	LIFE-THREATENING
Acenocoumarol	Methimazole	SERIOUS
Human Rabies Immunoglobulin	Mycophenolate mofetil	LIFE-THREATENING
Miconazole	Quetiapine	LIFE-THREATENING
Orlistat	Vitamin D3	SERIOUS
Gabapentin	Sodium Bicarbonate	SERIOUS
Astemizole	Erythromycin	LIFE-THREATENING
Canagliflozin	Chlorthalidone	SERIOUS
Acitretin	Tetracycline	LIFE-THREATENING
Chlorpromazine	Clotrimazole	LIFE-THREATENING
Alprazolam	Azelastine	MODERATE
Aceclofenac	Benzydamine	LIFE-THREATENING
Fosphenytoin	Sulfadiazine	SERIOUS
Fexofenadine	Fosaprepitant	LIFE-THREATENING
Chlordiazepoxide	Divalproex	SERIOUS
Allopurinol	Lisinopril	SERIOUS
Diclofenac	Nimesulide	LIFE-THREATENING
Camostat	Loperamide	MODERATE
Acarbose	Famotidine	SERIOUS
Amitriptyline	Cinacalcet	SERIOUS
Orlistat	Phytomenadione	SERIOUS
Famciclovir	Tenofovir Alafenamide	LIFE-THREATENING
Acenocoumarol	Aztreonam	MODERATE
L-Methyl Folate	Orlistat	SERIOUS
Alendronic Acid	Gentamicin	SERIOUS
Atazanavir	Silodosin	LIFE-THREATENING
Chlorpromazine	Terbinafine	LIFE-THREATENING
Amiloride	Insulin Glulisine	SERIOUS
Benazepril	Insulin Glargine	MODERATE
Ibuprofen	Metamizole	LIFE-THREATENING
Chlorpropamide	Octreotide acetate	SERIOUS
Clarithromycin	Eletriptan	LIFE-THREATENING
Enalaprilat	Nimesulide	MODERATE
Moclobemide	Sertraline	LIFE-THREATENING
Gabapentin	Magaldrate	SERIOUS
Chlorthalidone	Insulin Lispro	SERIOUS
Clomiphene	Estradiol	LIFE-THREATENING
Measles Vaccine (Live)	Methotrexate	LIFE-THREATENING
Cilostazol	Clotrimazole	LIFE-THREATENING
Moclobemide	Nortriptyline	LIFE-THREATENING
Captopril	Human insulin	MODERATE
Furazolidone	Xylometazoline	LIFE-THREATENING
Ezetimibe	Gemfibrozil	LIFE-THREATENING
Entecavir	Valacyclovir	LIFE-THREATENING
Acenocoumarol	Penicillin V	SERIOUS
Diclofenac	Metamizole	LIFE-THREATENING
Nicotinamide	Orlistat	SERIOUS
Ethinyl Estradiol	Tamoxifen	LIFE-THREATENING
Live Attenuated Varicella-Zoster Virus	Methotrexate	LIFE-THREATENING
Amisulpride	Sertaconazole	LIFE-THREATENING
Etoricoxib	Metamizole	LIFE-THREATENING
Adefovir	Nitrazepam	SERIOUS
Amitriptyline	Clonazepam	SERIOUS
Dextromethorphan Hydrobromide	Selegiline	LIFE-THREATENING
Ganciclovir	Naphazoline	LIFE-THREATENING
Miconazole	Risperidone	LIFE-THREATENING
Amlodipine	Loteprednol etabonate	SERIOUS
Adefovir	Lorazepam	SERIOUS
Fosaprepitant	Loratadine	LIFE-THREATENING
Acitretin	Vitamin A	SERIOUS
Amiloride	Glimepiride	SERIOUS
Betamethasone	Teneligliptin	SERIOUS
Ciprofloxacin	Rasagiline	LIFE-THREATENING
Adefovir	Sodium Bicarbonate	SERIOUS
Moclobemide	Pethidine	LIFE-THREATENING
Etoposide	Fosphenytoin	SERIOUS
Moxifloxacin	Strontium Chloride	LIFE-THREATENING
Metoclopramide	Piribedil	LIFE-THREATENING
Dextromethorphan Hydrobromide	Moclobemide	LIFE-THREATENING
Folic Acid	Phenytoin	BENEFICIAL
Amisulpride	Atropine	SERIOUS
Chlordiazepoxide	Isoniazid	SERIOUS
Miconazole	Olanzapine	LIFE-THREATENING
Dextromethorphan Hydrobromide	Rasagiline	LIFE-THREATENING
Dosulepin	Moxonidine	LIFE-THREATENING
Amiloride	Insulin Lispro	SERIOUS
Calcitriol	Orlistat	SERIOUS
Metamizole	Piroxicam	LIFE-THREATENING
Alprazolam	Amisulpride	SERIOUS
Clomiphene	Tibolone	LIFE-THREATENING
Atomoxetine	Duloxetine	SERIOUS
Mercaptopurine	Sulfasalazine	SERIOUS
Hepatitis B Vaccine	Mycophenolate mofetil	LIFE-THREATENING
Acenocoumarol	Vitamin K	SERIOUS
Aspirin	Vitamin C	MINOR
Beclometasone	Glimepiride	SERIOUS
Alendronic Acid	Kanamycin	SERIOUS
Acyclovir	Tenofovir Alafenamide	LIFE-THREATENING
Fluoxetine	Linezolid	LIFE-THREATENING
Lithium carbonate	Sibutramine	LIFE-THREATENING
Acenocoumarol	Tamoxifen	LIFE-THREATENING
Amoxapine	Cinacalcet	SERIOUS
Adefovir	Allopurinol	LIFE-THREATENING
Efavirenz	Lafutidine	LIFE-THREATENING
Imipramine	Moxonidine	LIFE-THREATENING
Chlorpropamide	Pancreatin	SERIOUS
Beclometasone	Insulin Lispro	SERIOUS
Amisulpride	Miconazole	LIFE-THREATENING
Chlorpromazine	Sertaconazole	LIFE-THREATENING
Abacavir	Etizolam	SERIOUS
Acarbose	Glucosamine	SERIOUS
Carbamazepine	Imatinib mesylate	SERIOUS
Albendazole	Estradiol	LIFE-THREATENING
Adefovir	Clonazepam	SERIOUS
Fosinopril	Silymarin	MODERATE
Amisulpride	Clonazepam	SERIOUS
Ciclosporin	Pneumococcal Polysaccharide Vaccine	SERIOUS
Chlorpropamide	Trimethoprim	LIFE-THREATENING
Abacavir	Valganciclovir	LIFE-THREATENING
Isosorbide Mononitrate	Sildenafil	LIFE-THREATENING
Acenocoumarol	Raloxifene	SERIOUS
Bacillus Calmette-Guerin strain	Mycophenolate mofetil	LIFE-THREATENING
Benazepril	Dalteparin	SERIOUS
Amlodipine	Mometasone	SERIOUS
Benzathine penicillin G	Capreomycin	SERIOUS
Flupenthixol	Pramipexole	LIFE-THREATENING
Atenolol	Gliclazide	SERIOUS
Clomipramine	Linezolid	LIFE-THREATENING
Dextropropoxyphene	Granisetron	SERIOUS
Fosinopril	Insulin Degludec	MODERATE
Atazanavir	Desonide	SERIOUS
Escitalopram Oxalate	Reboxetine	LIFE-THREATENING
Cetirizine	Fosaprepitant	LIFE-THREATENING
Acarbose	Tricholine Citrate	SERIOUS
Amphotericin B	Gentamicin	SERIOUS
Bromfenac	Oxyphenbutazone	LIFE-THREATENING
Estriol	Griseofulvin	LIFE-THREATENING
Adefovir	Etizolam	SERIOUS
Acarbose	Octreotide acetate	SERIOUS
Oxyphenbutazone	Paracetamol	LIFE-THREATENING
Co-trimoxazole	Dapsone	SERIOUS
Atomoxetine	Levosalbutamol	SERIOUS
Enalaprilat	Mercaptopurine	SERIOUS
Amikacin	Ibandronic Acid	SERIOUS
Chloramphenicol	Fosphenytoin	SERIOUS
Beclometasone	Insulin Aspart	SERIOUS
Promethazine	Selegiline	LIFE-THREATENING
Clozapine	Fluconazole	LIFE-THREATENING
Famotidine	Nevirapine	LIFE-THREATENING
Azelastine	Betahistine	MODERATE
Albendazole	Tibolone	LIFE-THREATENING
Mefenamic Acid	Oxyphenbutazone	LIFE-THREATENING
Codeine	Rasagiline	LIFE-THREATENING
Magaldrate	Tetracycline	SERIOUS
Isosorbide Mononitrate	Vardenafil	LIFE-THREATENING
Clotrimazole	Lurasidone	LIFE-THREATENING
Allopurinol	Entecavir	LIFE-THREATENING
Azathioprine	Ramipril	SERIOUS
Entecavir	Valganciclovir	LIFE-THREATENING
Dexamethasone	Mifepristone	SERIOUS
Famciclovir	Naphazoline	LIFE-THREATENING
Fluorometholone	Rosiglitazone	SERIOUS
Fluconazole	Lurasidone	LIFE-THREATENING
Promethazine	Rasagiline	LIFE-THREATENING
Oxyphenbutazone	Piroxicam	LIFE-THREATENING
Amisulpride	Camylofin	SERIOUS
Rifampicin	Zolpidem	LIFE-THREATENING
Metamizole	Nepafenac	LIFE-THREATENING
Acarbose	Nicotinic acid	SERIOUS
Penicillamine	Zinc Gluconate	LIFE-THREATENING
Acitretin	Demeclocycline	LIFE-THREATENING
Deflazacort	Mifepristone	SERIOUS
Montelukast	Phenobarbitone	SERIOUS
Fosphenytoin	Tetracycline	SERIOUS
Carbamazepine	Salmonella Typhi Vaccine	MINOR
Isosorbide Dinitrate	Vardenafil	LIFE-THREATENING
Fluconazole	Zuclopenthixol	LIFE-THREATENING
Beclometasone	Linagliptin	SERIOUS
Famciclovir	Lamivudine	LIFE-THREATENING
Bemiparin	Lisinopril	SERIOUS
Betaxolol	Chlorpropamide	SERIOUS
Carbamazepine	Solifenacin	SERIOUS
Glucosamine Sulfate Potassium Chloride	Metformin	SERIOUS
Codeine	Granisetron	SERIOUS
Measles Vaccine (Live)	Tacrolimus	LIFE-THREATENING
Ofloxacin	Selegiline	LIFE-THREATENING
Almotriptan	Atazanavir	LIFE-THREATENING
Dapsone	Trimethoprim	SERIOUS
Aspirin	Deflazacort	SERIOUS
Carbamazepine	Selegiline	LIFE-THREATENING
Carbamazepine	Praziquantel	SERIOUS
Clopidogrel	Heparin	SERIOUS
Fluvastatin	Imatinib mesylate	SERIOUS
Mycophenolate mofetil	Salmonella Typhi Vaccine	LIFE-THREATENING
Amisulpride	Oxazepam	SERIOUS
Baclofen	Lithium carbonate	MODERATE
Epinastine	Zafirlukast	SERIOUS
Niacinamide	Orlistat	SERIOUS
Baclofen	Digoxin	MODERATE
Azathioprine	Rotavirus vaccine	LIFE-THREATENING
Amiloride	Dapagliflozin	SERIOUS
Amlodipine	Desonide	SERIOUS
Clomiphene	Estriol	LIFE-THREATENING
Abacavir	Gentamicin	SERIOUS
Astemizole	Ginkgo Biloba	MODERATE
Ofloxacin	Rasagiline	LIFE-THREATENING
Fluconazole	Tolterodine	LIFE-THREATENING
Carbamazepine	Tetanus Toxoid	MINOR
Disopyramide	Phenobarbitone	LIFE-THREATENING
Amphotericin B	Framycetin	SERIOUS
Capreomycin	Vancomycin	SERIOUS
Camostat	Cinacalcet	SERIOUS
Amisulpride	Fluconazole	LIFE-THREATENING
Carbamazepine	Mebendazole	SERIOUS
Fentanyl	Linezolid	LIFE-THREATENING
Beclometasone	Levosalbutamol	MODERATE
Bupropion	Selegiline	LIFE-THREATENING
Isosorbide Mononitrate	Udenafil	LIFE-THREATENING
Bezafibrate	Ezetimibe	LIFE-THREATENING
Norfloxacin	Tizanidine	LIFE-THREATENING
Alprazolam	Cetirizine	MODERATE
Betamethasone	Linagliptin	SERIOUS
Adefovir	Ribavirin	LIFE-THREATENING
Adefovir	Famciclovir	LIFE-THREATENING
Capreomycin	Penicillin V	SERIOUS
Chlorpropamide	Timolol	SERIOUS
Colchicine	Verapamil	SERIOUS
Fluconazole	Zolpidem	SERIOUS
Enalapril	Silymarin	MODERATE
Chloramphenicol	Methylcobalamin	LIFE-THREATENING
Betamethasone	Insulin Glulisine	SERIOUS
Betahistine	Pheniramine	MODERATE
Amphotericin B	Deflazacort	SERIOUS
Betaxolol	Gliclazide	SERIOUS
Fluconazole	Haloperidol	LIFE-THREATENING
Eletriptan	Indinavir	LIFE-THREATENING
Beclometasone	Dapagliflozin	SERIOUS
Bupropion	Clopidogrel	SERIOUS
Carbamazepine	Itraconazole	LIFE-THREATENING
Chloroquine	Penicillamine	LIFE-THREATENING
Adefovir	Gentamicin	SERIOUS
Enalapril	Insulin Degludec	MODERATE
Amphotericin B	Streptomycin	SERIOUS
Atazanavir	Rabeprazole	LIFE-THREATENING
Indinavir	Rifampicin	LIFE-THREATENING
Flupenthixol	Piribedil	LIFE-THREATENING
Bupropion	Safinamide	LIFE-THREATENING
Clotrimazole	Ergotamine	LIFE-THREATENING
Fluorometholone	Nateglinide	SERIOUS
Indomethacin	Metamizole	LIFE-THREATENING
Ketoprofen	Nimesulide	LIFE-THREATENING
Betamethasone	HUMAN PREMIX	SERIOUS
Betamethasone	Levosalbutamol	MODERATE
Clomiphene	Ethinyl Estradiol	LIFE-THREATENING
Cyclophosphamide	Polio Vaccine	SERIOUS
Buspirone	Diltiazem	SERIOUS
Haloperidol	Piribedil	LIFE-THREATENING
Azathioprine	Enalapril	SERIOUS
Mirtazapine	Selegiline	LIFE-THREATENING
Aprepitant	Olopatadine	LIFE-THREATENING
Ciclosporin	Metoclopramide	SERIOUS
Acitretin	Doxycycline	LIFE-THREATENING
Moxifloxacin	Rasagiline	LIFE-THREATENING
Disulfiram	Metronidazole	LIFE-THREATENING
Dextropropoxyphene	Ondansetron	SERIOUS
Chlorpropamide	Glucosamine	SERIOUS
Astemizole	Univestin	MODERATE
Prulifloxacin	Tizanidine	LIFE-THREATENING
Loperamide	Ulinastatin	MODERATE
Atazanavir	Desvenlafaxine	SERIOUS
Fosphenytoin	Praziquantel	SERIOUS
Linezolid	Pentazocine	LIFE-THREATENING
Amlodipine	Triamcinolone	SERIOUS
Astemizole	Evening Primrose Oil	MODERATE
Acetazolamide	Carbamazepine	SERIOUS
Chlordiazepoxide	Pregabalin	MODERATE
Penicillamine	Zinc acetate	LIFE-THREATENING
Clozapine	Itraconazole	LIFE-THREATENING
Aprepitant	Fexofenadine	LIFE-THREATENING
Indinavir	Rizatriptan	LIFE-THREATENING
Acenocoumarol	Metronidazole	SERIOUS
Itraconazole	Thioridazine	LIFE-THREATENING
Acarbose	Betamethasone	SERIOUS
Enalapril	Insulin Isophane	MODERATE
Clarithromycin	Rizatriptan	LIFE-THREATENING
Atomoxetine	Orciprenaline	SERIOUS
Balofloxacin	Cinacalcet	SERIOUS
Amisulpride	Fenticonazole	LIFE-THREATENING
Disodium Hydrogen Citrate	Theophylline	MINOR
Calcium Gluconate	Penicillamine	LIFE-THREATENING
Atazanavir	Buspirone	SERIOUS
Atazanavir	Dexlansoprazole	LIFE-THREATENING
Ketoprofen	Metamizole	LIFE-THREATENING
Amoxapine	Linezolid	LIFE-THREATENING
Calcium	Penicillamine	LIFE-THREATENING
Aztreonam	Warfarin	MODERATE
Candesartan	Dalteparin	SERIOUS
Mycophenolate mofetil	Pneumococcal Polysaccharide Vaccine	LIFE-THREATENING
Benidipine	Darifenacin	SERIOUS
Meloxicam	Oxyphenbutazone	LIFE-THREATENING
Amisulpride	Voriconazole	LIFE-THREATENING
Aprepitant	Mometasone	SERIOUS
Amlodipine	Fluticasone Furoate	SERIOUS
Fluconazole	Haloperidol Decanoate	LIFE-THREATENING
Ketotifen	Metformin	LIFE-THREATENING
Levocetirizine	Zafirlukast	SERIOUS
Magnesium Bisglycinate	Penicillamine	LIFE-THREATENING
Codeine	Ondansetron	SERIOUS
Aripiprazole	Oxiconazole	LIFE-THREATENING
Acarbose	Hydrocortisone	SERIOUS
Fosphenytoin	Lymecycline	SERIOUS
Acarbose	Methylprednisolone	SERIOUS
Methotrexate	Rubella vaccine	LIFE-THREATENING
Alendronic Acid	Netilmicin	SERIOUS
Naproxen	Nimesulide	LIFE-THREATENING
Cilostazol	Oxiconazole	LIFE-THREATENING
Alfacalcidol	Orlistat	SERIOUS
Folic Acid	Fosphenytoin	BENEFICIAL
Chlorpropamide	Nicotinic acid	SERIOUS
Ciclosporin	Measles Vaccine (Live)	LIFE-THREATENING
Beclometasone	Mifepristone	SERIOUS
Codeine	Palonosetron	SERIOUS
Aprepitant	Phenytoin	LIFE-THREATENING
Atazanavir	Lansoprazole	LIFE-THREATENING
Nadifloxacin	Strontium Chloride	LIFE-THREATENING
Alprazolam	Promethazine	MODERATE
Aripiprazole	Luliconazole	LIFE-THREATENING
Dutasteride	Indinavir	SERIOUS
Abacavir	Valacyclovir	LIFE-THREATENING
Camylofin	Donepezil	LIFE-THREATENING
Nadifloxacin	Tizanidine	LIFE-THREATENING
Amphotericin B	Budesonide	SERIOUS
Betamethasone	Metformin	SERIOUS
Amiloride	Vildagliptin	SERIOUS
Hydroxocobalamin	Orlistat	SERIOUS
Nitroglycerin	Vardenafil	LIFE-THREATENING
Cilostazol	Eberconazole	LIFE-THREATENING
Flupenthixol	Levodopa	LIFE-THREATENING
Fosphenytoin	Minocycline	SERIOUS
Amiloride	Enalapril	SERIOUS
Captopril	Recombinant Human Erythropoietin Alfa	MODERATE
Fosaprepitant	Thiopental Sodium	LIFE-THREATENING
Garenoxacin	Selegiline	LIFE-THREATENING
Fluconazole	Levosulpiride	LIFE-THREATENING
Haloperidol	Levodopa	LIFE-THREATENING
Acarbose	Ranitidine	SERIOUS
Disopyramide	Roxithromycin	LIFE-THREATENING
Acyclovir	Xylometazoline	LIFE-THREATENING
Orlistat	Vitamin E	SERIOUS
Acarbose	Clobetasol	SERIOUS
Calcium Chloride	Leflunomide	LIFE-THREATENING
Cyclophosphamide	Freeze-dried Live Attenuated Hepatitis A Vaccine	SERIOUS
Carbamazepine	Safinamide	LIFE-THREATENING
Fluconazole	Trifluoperazine	LIFE-THREATENING
Benazepril	Insulin Degludec	MODERATE
Aripiprazole	Clotrimazole	LIFE-THREATENING
Aprepitant	Epinastine	LIFE-THREATENING
Nepafenac	Nimesulide	LIFE-THREATENING
Dosulepin	Linezolid	LIFE-THREATENING
Phenindione	Propyl Thiouracil	SERIOUS
Fluoxetine	Rasagiline	LIFE-THREATENING
Cyclophosphamide	Fluconazole	SERIOUS
Carbamazepine	Doxycycline	SERIOUS
Aprepitant	Loteprednol etabonate	SERIOUS
Benidipine	Solifenacin	SERIOUS
Amiloride	Canagliflozin	SERIOUS
Garenoxacin	Rasagiline	LIFE-THREATENING
Beclometasone	Vildagliptin	SERIOUS
Aprepitant	Loratadine	LIFE-THREATENING
Moclobemide	Nalbuphine	LIFE-THREATENING
Bromfenac	Nimesulide	LIFE-THREATENING
Aprepitant	Desonide	SERIOUS
Nimesulide	Paracetamol	LIFE-THREATENING
Alendronic Acid	Amikacin	SERIOUS
Cetirizine	Zafirlukast	SERIOUS
Idoxuridine	Tenofovir Alafenamide	LIFE-THREATENING
Fosinopril	Insulin detemir	MODERATE
Loperamide	Quinidine	SERIOUS
Methotrexate	Rubella vaccine (Live)	LIFE-THREATENING
Griseofulvin	Tibolone	LIFE-THREATENING
Betamethasone	Orciprenaline	MODERATE
Astemizole	Roxithromycin	LIFE-THREATENING
Candesartan	Heparin	SERIOUS
Clotrimazole	Zuclopenthixol	LIFE-THREATENING
Astemizole	Ketoconazole	LIFE-THREATENING
Chlorthalidone	Empagliflozin	SERIOUS
Acarbose	Triamcinolone	SERIOUS
Amitriptyline	Clobazam	SERIOUS
Nitroglycerin	Udenafil	LIFE-THREATENING
Benfotiamine	Orlistat	SERIOUS
Reboxetine	Sertraline	LIFE-THREATENING
Orlistat	Vitamin B	SERIOUS
Leflunomide	Zinc Sulfate	LIFE-THREATENING
Aprepitant	Ulinastatin	SERIOUS
Ganciclovir	Lamivudine	LIFE-THREATENING
Clomiphene	Fosfestrol	LIFE-THREATENING
Estradiol	Griseofulvin	LIFE-THREATENING
Allopurinol	Enalaprilat	SERIOUS
Clotrimazole	Olanzapine	LIFE-THREATENING
Atazanavir	Fluocinolone acetonide	SERIOUS
Fexofenadine	Magaldrate	SERIOUS
Candesartan	Enoxaparin	SERIOUS
Azathioprine	Meningococcal Vaccine	SERIOUS
Gentamicin	Vancomycin	SERIOUS
Abacavir	Acyclovir	LIFE-THREATENING
Azathioprine	Leflunomide	LIFE-THREATENING
Itraconazole	Quetiapine	LIFE-THREATENING
Fluconazole	Tamsulosin	LIFE-THREATENING
Acenocoumarol	Clomiphene	LIFE-THREATENING
Didanosine	Valacyclovir	LIFE-THREATENING
Capreomycin	Risedronate	SERIOUS
Miconazole	Tolterodine	LIFE-THREATENING
Abacavir	Ganciclovir	LIFE-THREATENING
Clobazam	Modafinil	SERIOUS
Exemestane	Tibolone	LIFE-THREATENING
Amphotericin B	Fluorometholone	SERIOUS
Captopril	Insulin Glargine	MODERATE
Famciclovir	Oxymetazoline	LIFE-THREATENING
Amisulpride	Terbinafine	LIFE-THREATENING
Acarbose	Fluticasone Furoate	SERIOUS
Abacavir	Sodium Bicarbonate	SERIOUS
Levodopa	Zuclopenthixol	LIFE-THREATENING
Moclobemide	Pentazocine	LIFE-THREATENING
Propranolol	Thiopental Sodium	MINOR
Donepezil	Valethamate	LIFE-THREATENING
Meningococcal Vaccine	Mercaptopurine	SERIOUS
Penicillamine	Zinc Carnosine	LIFE-THREATENING
Amiloride	Perindopril erbumine	SERIOUS
Mycophenolate mofetil	Sevelamer	SERIOUS
Pethidine	Selegiline	LIFE-THREATENING
Nicorandil	Tadalafil	LIFE-THREATENING
Beclometasone	Salbutamol	MODERATE
Alprazolam	Levocetirizine	MODERATE
Clotrimazole	Haloperidol	LIFE-THREATENING
Acenocoumarol	Benzathine penicillin G	SERIOUS
Buclizine	Univestin	MODERATE
Carbamazepine	Isoniazid	SERIOUS
Metronidazole	Warfarin	SERIOUS
Fentanyl	Selegiline	LIFE-THREATENING
Camostat	Mirtazapine	LIFE-THREATENING
Amphotericin B	Prednisolone	SERIOUS
Atazanavir	Loteprednol etabonate	SERIOUS
Mercaptopurine	Sulphacetamide	SERIOUS
Adefovir	Ganciclovir	LIFE-THREATENING
Methylphenidate	Selegiline	LIFE-THREATENING
Amisulpride	Clobazam	SERIOUS
Live Attenuated Varicella-Zoster Virus	Tacrolimus	LIFE-THREATENING
Cilostazol	Ulinastatin	SERIOUS
Abacavir	Diazepam	SERIOUS
Amisulpride	Lithium carbonate	SERIOUS
Mercaptopurine	Pneumococcal 13 valent Conjugate Vaccine	SERIOUS
Fentanyl	Moclobemide	LIFE-THREATENING
Capreomycin	Penicillin G	SERIOUS
Isosorbide Dinitrate	Sildenafil	LIFE-THREATENING
Chlordiazepoxide	Modafinil	SERIOUS
Albendazole	Carbamazepine	SERIOUS
Dextropropoxyphene	Ramosetron	SERIOUS
Methylphenidate	Moclobemide	LIFE-THREATENING
Indinavir	Silodosin	LIFE-THREATENING
Chlordiazepoxide	Hydroxyzine	MODERATE
Aprepitant	Fluticasone Furoate	SERIOUS
Mebendazole	Phenobarbitone	SERIOUS
Phenobarbitone	Voriconazole	LIFE-THREATENING
Rasagiline	Sertraline	LIFE-THREATENING
Albendazole	Fosfestrol	LIFE-THREATENING
Menadione Sodium Bisulfite	Orlistat	SERIOUS
Mercaptopurine	Recombinant Human Epidermal Growth Factor	SERIOUS
Amisulpride	Midazolam	SERIOUS
Itraconazole	Silodosin	LIFE-THREATENING
Amiloride	Linagliptin	SERIOUS
Amlodipine	Fluocinolone acetonide	SERIOUS
Aprepitant	Carbamazepine	LIFE-THREATENING
Inactivated Japanese Encephalitis virus protein	Mercaptopurine	LIFE-THREATENING
Aripiprazole	Sertaconazole	LIFE-THREATENING
Methylphenidate	Rasagiline	LIFE-THREATENING
Amikacin	Risedronate	SERIOUS
Ganciclovir	Xylometazoline	LIFE-THREATENING
Citalopram	Linezolid	LIFE-THREATENING
Acenocoumarol	Sulfadiazine	SERIOUS
Cilnidipine	Finasteride	MODERATE
Indinavir	Tamsulosin	LIFE-THREATENING
Penicillamine	Potassium Citrate	LIFE-THREATENING
Carbamazepine	Efavirenz	LIFE-THREATENING
Leflunomide	Magnesium Bisglycinate	LIFE-THREATENING
Abacavir	Nitrazepam	SERIOUS
Nalbuphine	Ramosetron	SERIOUS
Pentazocine	Ramosetron	SERIOUS
Adenosine	Theophylline	LIFE-THREATENING
Mercaptopurine	Vi Capsular Polysaccharide Of Salmonella Typhi	SERIOUS
Glibenclamide	Octreotide acetate	SERIOUS
Meclizine	Zafirlukast	SERIOUS
Alfuzosin	Itraconazole	LIFE-THREATENING
Enalapril	Insulin detemir	MODERATE
Benazepril	Recombinant Human Erythropoietin Alfa	MODERATE
Otilonium Bromide	Rivastigmine	LIFE-THREATENING
Abacavir	Lorazepam	SERIOUS
Adefovir	Diazepam	SERIOUS
Gentamicin	Risedronate	SERIOUS
Diclofenac	Oxyphenbutazone	LIFE-THREATENING
Itraconazole	Olanzapine	LIFE-THREATENING
Ciclosporin	Sevelamer	SERIOUS
Ciclosporin	Live Attenuated Varicella-Zoster Virus	LIFE-THREATENING
Abacavir	Chlordiazepoxide	SERIOUS
Buclizine	Chlordiazepoxide	MODERATE
Ciprofloxacin	Tizanidine	LIFE-THREATENING
Acenocoumarol	Capecitabine	SERIOUS
Betamethasone	Canagliflozin	SERIOUS
Amiloride	HUMAN PREMIX	SERIOUS
Enclomiphene	Estradiol	LIFE-THREATENING
Alfuzosin	Fluconazole	LIFE-THREATENING
Etoposide	Phenobarbitone	SERIOUS
Caspofungin	Fosphenytoin	SERIOUS
Leflunomide	Potassium Chloride	LIFE-THREATENING
Acarbose	Glucosamine Sulfate Potassium Chloride	SERIOUS
Ketorolac	Metamizole/Dipyrone	LIFE-THREATENING
Fluorometholone	Repaglinide	SERIOUS
Azathioprine	Measles Vaccine (Live)	LIFE-THREATENING
Beclometasone	Insulin Glulisine	SERIOUS
Codeine	Ramosetron	SERIOUS
Azithromycin	Mizolastine	LIFE-THREATENING
Strontium Chloride	Tigecycline	LIFE-THREATENING
Alprazolam	Cyproheptadine	MODERATE
Butorphanol	Linezolid	LIFE-THREATENING
Amikacin	Penicillin G	SERIOUS
Mercaptopurine	Polio Vaccine	SERIOUS
Meropenem	Sodium Valproate	SERIOUS
Tamoxifen	Tibolone	LIFE-THREATENING
Cilostazol	Terbinafine	LIFE-THREATENING
Dexlansoprazole	Indinavir	LIFE-THREATENING
Cyclophosphamide	Equine Rabies Immunoglobulin	SERIOUS
Adefovir	Chlordiazepoxide	SERIOUS
Didanosine	Valganciclovir	LIFE-THREATENING
Aripiprazole	Miconazole	LIFE-THREATENING
Beclometasone	Canagliflozin	SERIOUS
Alprazolam	Meclizine	MODERATE
Clopidogrel	Enoxaparin	SERIOUS
Azathioprine	Sulphacetamide	SERIOUS
Gentamicin	Penicillin G	SERIOUS
Abacavir	Framycetin	SERIOUS
Beclometasone	HUMAN PREMIX	SERIOUS
Moclobemide	Morphine	LIFE-THREATENING
Nimodipine	Phenobarbitone	LIFE-THREATENING
Alendronic Acid	Neomycin	SERIOUS
Ethambutol	Sodium Bicarbonate	MINOR
Duloxetine	Thioridazine	LIFE-THREATENING
Balofloxacin	Strontium Chloride	LIFE-THREATENING
Inactivated influenza vaccine	Mercaptopurine	SERIOUS
Azathioprine	Bacillus Calmette-Guerin strain	LIFE-THREATENING
Betamethasone	Insulin Lispro	SERIOUS
Amphotericin B	Kanamycin	SERIOUS
Clarithromycin	Disopyramide	LIFE-THREATENING
Carbimazole	Digoxin	SERIOUS
Phenindione	Prasugrel	SERIOUS
Clomiphene	Conjugated Estrogens	LIFE-THREATENING
Aspirin	Dexamethasone	SERIOUS
Haloperidol Decanoate	Itraconazole	LIFE-THREATENING
Carbamazepine	Topiramate	SERIOUS
Aspirin	Budesonide	SERIOUS
Linezolid	Sertraline	LIFE-THREATENING
Balofloxacin	Tizanidine	LIFE-THREATENING
Bupropion	Moclobemide	LIFE-THREATENING
Carbamazepine	Haemophilus Type B Conjugate Vaccine	MINOR
Enclomiphene	Tibolone	LIFE-THREATENING
Rubella vaccine (Live)	Tacrolimus	LIFE-THREATENING
Ondansetron	Pentazocine	SERIOUS
Mercaptopurine	Purified Vi Polysaccharide Typhoid Vaccine	SERIOUS
Mycophenolate mofetil	Pneumococcal 13 valent Conjugate Vaccine	LIFE-THREATENING
Clopidogrel	Dalteparin	SERIOUS
Furazolidone	Oxymetazoline	LIFE-THREATENING
Glibenclamide	Pancreatin	SERIOUS
Astemizole	Clarithromycin	LIFE-THREATENING
Benzydamine	Bromfenac	LIFE-THREATENING
Demeclocycline	Sucralfate	SERIOUS
Dexlansoprazole	Nelfinavir	LIFE-THREATENING
Abacavir	Streptomycin	SERIOUS
Erythromycin	Rizatriptan	LIFE-THREATENING
Meropenem	Valproic Acid	SERIOUS
Mycophenolate mofetil	Recombinant Human Epidermal Growth Factor	LIFE-THREATENING
Betahistine	Cetirizine	MODERATE
Carbamazepine	Caspofungin	SERIOUS
Glibenclamide	Trimethoprim	LIFE-THREATENING
Prulifloxacin	Strontium Chloride	LIFE-THREATENING
Acenocoumarol	Sodium aminosalicylate	SERIOUS
Clarithromycin	Colchicine	MODERATE
Atorvastatin	Nicotinic acid	SERIOUS
Acarbose	Loteprednol etabonate	SERIOUS
Digoxin	Quinine	SERIOUS
Fluconazole	Thioridazine	LIFE-THREATENING
Aspirin	Betamethasone	SERIOUS
Mercaptopurine	Mesalazine	SERIOUS
Acarbose	Desonide	SERIOUS
Azathioprine	Inactivated Japanese Encephalitis virus protein	LIFE-THREATENING
Adefovir	Oxazepam	SERIOUS
Buspirone	Clotrimazole	SERIOUS
Orlistat	Vitamin A	SERIOUS
Alfuzosin	Voriconazole	LIFE-THREATENING
Bicalutamide	Warfarin	MODERATE
Dextromethorphan Hydrobromide	Sibutramine	LIFE-THREATENING
Disopyramide	Phenytoin	LIFE-THREATENING
Entecavir	Ganciclovir	LIFE-THREATENING
Amitriptyline	Atomoxetine	SERIOUS
Buclizine	Zafirlukast	SERIOUS
Benzathine penicillin G	Gentamicin	SERIOUS
Cyproheptadine	Zafirlukast	SERIOUS
Albendazole	Estriol	LIFE-THREATENING
Aspirin	Benzydamine	LIFE-THREATENING
Loratadine	Zafirlukast	SERIOUS
Cilostazol	Omeprazole	LIFE-THREATENING
Glucosamine Sulfate Potassium Chloride	Liraglutide	SERIOUS
Adefovir	Streptomycin	SERIOUS
Fluphenazine	Ropinirole	LIFE-THREATENING
Ezetimibe	Fenofibrate	LIFE-THREATENING
Galantamine	Otilonium Bromide	LIFE-THREATENING
Danazol	Ethinyl Estradiol	LIFE-THREATENING
Mercaptopurine	Tetanus Toxoid	SERIOUS
Haloperidol Decanoate	Levodopa	LIFE-THREATENING
Beclometasone	Sitagliptin	SERIOUS
Promethazine	Zafirlukast	SERIOUS
Moxonidine	Nortriptyline	LIFE-THREATENING
Theophylline	Ticagrelor	SERIOUS
Fosphenytoin	Tigecycline	SERIOUS
Abacavir	Kanamycin	SERIOUS
Nalbuphine	Palonosetron	SERIOUS
Betamethasone	Mifepristone	SERIOUS
Cilostazol	Sertaconazole	LIFE-THREATENING
Codeine	Linezolid	LIFE-THREATENING
Aspirin	Hydrocortisone	SERIOUS
Gentamicin	Penicillin V	SERIOUS
Camylofin	Galantamine	LIFE-THREATENING
Chloroquine	Praziquantel	SERIOUS
Carbimazole	Warfarin	SERIOUS
Acenocoumarol	Orlistat	SERIOUS
Clonazepam	Divalproex	SERIOUS
Acenocoumarol	Benzydamine	LIFE-THREATENING
Amisulpride	Luliconazole	LIFE-THREATENING
Clarithromycin	Lovastatin	LIFE-THREATENING
Amphotericin B	Betamethasone	SERIOUS
Clonazepam	Pregabalin	MODERATE
Raloxifene	Warfarin	SERIOUS
Acarbose	Neomycin	SERIOUS
Fosinopril	Insulin Isophane	MODERATE
Metoclopramide	Pramipexole	LIFE-THREATENING
Mycophenolate mofetil	Rotavirus vaccine	LIFE-THREATENING
Acenocoumarol	Glucagon	SERIOUS
Amitriptyline	Moxonidine	LIFE-THREATENING
Azelastine	Zafirlukast	SERIOUS
Prasugrel	Theophylline	SERIOUS
Azathioprine	Purified Vi Polysaccharide Typhoid Vaccine	SERIOUS
Esomeprazole	Indinavir	LIFE-THREATENING
Baclofen	Nimesulide	MODERATE
Imipramine	Linezolid	LIFE-THREATENING
Amlodipine	Methylprednisolone	SERIOUS
Kanamycin	Risedronate	SERIOUS
Azithromycin	Terfenadine	LIFE-THREATENING
Amiloride	Ramipril	SERIOUS
Adefovir	Kanamycin	SERIOUS
Carbamazepine	Hepatitis B Vaccine	MINOR
Aprepitant	Thiopental Sodium	LIFE-THREATENING
Benazepril	Human insulin	MODERATE
Buclizine	Ginkgo Biloba	MODERATE
Amlodipine	Prednisolone	SERIOUS
Cefpodoxime Proxetil	Sodium Bicarbonate	SERIOUS
Amitriptyline	Diazepam	SERIOUS
Escitalopram Oxalate	Linezolid	LIFE-THREATENING
Baclofen	Levodopa	SERIOUS
Chloroquine	Leflunomide	LIFE-THREATENING
Mercaptopurine	Yellow fever virus	LIFE-THREATENING
Amphotericin B	Hydrocortisone	SERIOUS
Aspirin	Clobetasol	SERIOUS
Acetazolamide	Phenobarbitone	SERIOUS
Naproxen	Oxyphenbutazone	LIFE-THREATENING
Norfloxacin	Strontium Chloride	LIFE-THREATENING
Lymecycline	Magaldrate	SERIOUS
Alprazolam	Modafinil	SERIOUS
Alprazolam	Hydroxyzine	MODERATE
Acyclovir	Phenylephrine	LIFE-THREATENING
Azathioprine	Perindopril erbumine	SERIOUS
Desloratadine	Zafirlukast	SERIOUS
Estriol	Exemestane	LIFE-THREATENING
Glibenclamide	Timolol	SERIOUS
Azathioprine	Pneumococcal 13 valent Conjugate Vaccine	SERIOUS
Amitriptyline	Nitrazepam	SERIOUS
Fosinopril	Human insulin	MODERATE
Disulfiram	Theophylline	SERIOUS
Phenindione	Raloxifene	SERIOUS
Amitriptyline	Lorazepam	SERIOUS
Amisulpride	Valethamate	SERIOUS
Dapoxetine	Tizanidine	LIFE-THREATENING
Prasugrel	Warfarin	SERIOUS
Acitretin	Tigecycline	LIFE-THREATENING
Methimazole	Warfarin	SERIOUS
Azathioprine	Recombinant Human Epidermal Growth Factor	SERIOUS
Lafutidine	Quinine	MINOR
Moxifloxacin	Selegiline	LIFE-THREATENING
Amlodipine	Solifenacin	SERIOUS
Mirtazapine	Ulinastatin	LIFE-THREATENING
Montelukast	Phenytoin	SERIOUS
Aripiprazole	Fenticonazole	LIFE-THREATENING
Amphotericin B	Clobetasol	SERIOUS
Azathioprine	Vi Capsular Polysaccharide Of Salmonella Typhi	SERIOUS
Mycophenolate mofetil	Rabies vaccine, Human	LIFE-THREATENING
Ibuprofen	Nimesulide	LIFE-THREATENING
Buclizine	Evening Primrose Oil	MODERATE
Cilostazol	Fenticonazole	LIFE-THREATENING
Glibenclamide	Glucosamine	SERIOUS
Vitamin K	Warfarin	SERIOUS
Disulfiram	Phenytoin	SERIOUS
Nitroglycerin	Tadalafil	LIFE-THREATENING
Azathioprine	Human Rabies Immunoglobulin	SERIOUS
Freeze-dried Live Attenuated Hepatitis A Vaccine	Mycophenolate mofetil	LIFE-THREATENING
Acitretin	Lymecycline	LIFE-THREATENING
Amisulpride	Diazepam	SERIOUS
Acyclovir	Tenofovir disoproxil fumarate	LIFE-THREATENING
Calcium	Leflunomide	LIFE-THREATENING
Aripiprazole	Voriconazole	LIFE-THREATENING
Chromium	Penicillamine	LIFE-THREATENING
Metoclopramide	Ropinirole	LIFE-THREATENING
Atazanavir	Fluticasone Propionate	SERIOUS
Ciclosporin	Colchicine	SERIOUS
Carbamazepine	Meningococcal Vaccine	MINOR
Balofloxacin	Rasagiline	LIFE-THREATENING
Acenocoumarol	Tricholine Citrate	SERIOUS
Azathioprine	Rubella vaccine	LIFE-THREATENING
Betaxolol	Glibenclamide	SERIOUS
Glucagon	Phenindione	SERIOUS
Gentamicin	Zoledronic acid	SERIOUS
Indinavir	Sumatriptan	LIFE-THREATENING
Etoricoxib	Nimesulide	LIFE-THREATENING
Glibenclamide	Tricholine Citrate	SERIOUS
Doxycycline	Fosphenytoin	SERIOUS
Amitriptyline	Midazolam	SERIOUS
Ketoprofen	Oxyphenbutazone	LIFE-THREATENING
Nalbuphine	Ondansetron	SERIOUS
Camylofin	Rivastigmine	LIFE-THREATENING
Acenocoumarol	Bicalutamide	MODERATE
Prulifloxacin	Selegiline	LIFE-THREATENING
Clarithromycin	Sumatriptan	LIFE-THREATENING
Flupenthixol	Itraconazole	LIFE-THREATENING
Morphine	Rasagiline	LIFE-THREATENING
Amisulpride	Nitrazepam	SERIOUS
Cilnidipine	Darifenacin	SERIOUS
Azathioprine	Polio Vaccine	SERIOUS
Amikacin	Penicillin V	SERIOUS
Captopril	Silymarin	MODERATE
Amisulpride	Lorazepam	SERIOUS
Atomoxetine	Desvenlafaxine	SERIOUS
Mefenamic Acid	Nimesulide	LIFE-THREATENING
Deflazacort	Levosalbutamol	MODERATE
Clobazam	Topiramate	SERIOUS
Buclizine	Hyoscyamine	MODERATE
Camostat	Solifenacin	SERIOUS
Deflazacort	Salbutamol	MODERATE
Benidipine	Finasteride	MODERATE
Amantadine	Bupropion	MODERATE
Atazanavir	Lafutidine	SERIOUS
Chlorthalidone	Insulin Aspart	SERIOUS
Furazolidone	Phenylephrine	LIFE-THREATENING
Fluoxetine	Reboxetine	LIFE-THREATENING
Prulifloxacin	Rasagiline	LIFE-THREATENING
Measles Vaccine (Live)	Mercaptopurine	LIFE-THREATENING
Ciprofloxacin	Selegiline	LIFE-THREATENING
Atazanavir	Rizatriptan	LIFE-THREATENING
Aztreonam	Phenindione	MODERATE
Atazanavir	Pantoprazole	LIFE-THREATENING
Bemiparin	Clopidogrel	SERIOUS
Amitriptyline	Etizolam	SERIOUS
Orlistat	Vitamin K	SERIOUS
Aspirin	Metamizole	LIFE-THREATENING
Beclometasone	Gliclazide	SERIOUS
Azathioprine	Co-trimoxazole	SERIOUS
Amlodipine	Halobetasol	SERIOUS
Atorvastatin	Ezetimibe	SERIOUS
Disopyramide	Erythromycin	LIFE-THREATENING
Live Attenuated Varicella-Zoster Virus	Mercaptopurine	LIFE-THREATENING
Carbamazepine	Clozapine	LIFE-THREATENING
Acarbose	Prednisolone	SERIOUS
Fluphenazine	Pramipexole	LIFE-THREATENING
Chlorpromazine	Pramipexole	LIFE-THREATENING
Allopurinol	Enalapril	SERIOUS
Enalapril	Human insulin	MODERATE
Azathioprine	Sodium aminosalicylate	SERIOUS
Cilostazol	Esomeprazole	LIFE-THREATENING
Iron	Magaldrate	SERIOUS
Chlordiazepoxide	Meclizine	MODERATE
Amlodipine	Fluticasone Propionate	SERIOUS
Capreomycin	Zoledronic acid	SERIOUS
Abacavir	Allopurinol	LIFE-THREATENING
Chlordiazepoxide	Topiramate	SERIOUS
Estriol	Letrozole	LIFE-THREATENING
Digoxin	Sulfasalazine	SERIOUS
Candesartan	Recombinant Human Erythropoietin Alfa	MODERATE
Azelastine	Hyoscyamine	MODERATE
Acarbose	Timolol	SERIOUS
Ciprofloxacin	Safinamide	LIFE-THREATENING
Cilostazol	Miconazole	LIFE-THREATENING
Carbamazepine	Voriconazole	LIFE-THREATENING
Leflunomide	Zinc Gluconate	LIFE-THREATENING
Betamethasone	Vildagliptin	SERIOUS
Donepezil	Otilonium Bromide	LIFE-THREATENING
Cilostazol	Rabeprazole	LIFE-THREATENING
Alprazolam	Olopatadine	MODERATE
Garenoxacin	Tizanidine	LIFE-THREATENING
Itraconazole	Zuclopenthixol	LIFE-THREATENING
Ketorolac	Nimesulide	LIFE-THREATENING
Azathioprine	Mesalazine	SERIOUS
Methotrexate	Varicella Vaccine  attenuated	LIFE-THREATENING
Amiodarone	Lidocaine	SERIOUS
Amiloride	Metformin	SERIOUS
Fluoxetine	Moclobemide	LIFE-THREATENING
Nadifloxacin	Selegiline	LIFE-THREATENING
Pethidine	Rasagiline	LIFE-THREATENING
Fosphenytoin	Sodium aminosalicylate	SERIOUS
Acenocoumarol	Co-trimoxazole	SERIOUS
Benazepril	Enoxaparin	SERIOUS
Dapsone	Rifampicin	SERIOUS
Cyproheptadine	Selegiline	LIFE-THREATENING
Atazanavir	Theophylline	SERIOUS
Bemiparin	Enalapril	SERIOUS
Disulfiram	Fosphenytoin	SERIOUS
Clonazepam	Modafinil	SERIOUS
Mercaptopurine	Rabies vaccine, Human	SERIOUS
Azathioprine	Tetanus Toxoid	SERIOUS
Inactivated Japanese Encephalitis virus protein	Methotrexate	LIFE-THREATENING
Almotriptan	Erythromycin	LIFE-THREATENING
Amisulpride	Etizolam	SERIOUS
Allopurinol	Capecitabine	LIFE-THREATENING
Bacillus Calmette-Guerin strain	Mercaptopurine	LIFE-THREATENING
Linezolid	Morphine	LIFE-THREATENING
Imatinib mesylate	Lovastatin	SERIOUS
Itraconazole	Tolterodine	LIFE-THREATENING
Levodopa	Thioridazine	LIFE-THREATENING
Nadifloxacin	Rasagiline	LIFE-THREATENING
Chlorthalidone	Dapagliflozin	SERIOUS
Levofloxacin	Tizanidine	LIFE-THREATENING
Ganciclovir	Tenofovir disoproxil fumarate	LIFE-THREATENING
Adefovir	Clobazam	SERIOUS
Cyproheptadine	Rasagiline	LIFE-THREATENING
